ID,SampleStatus,target_name,Amp Status,Cq,Cq_mean,Cq_sd,quantity,quantity_mean,Quantity Standard Deviation,Plate,Well
1,p,ACTIN,Amp,15.101,15.073,0.04,975469.3,993378.5,25327.436,13,E1
1,p,ACTIN,Amp,15.045,15.073,0.04,1011287.7,993378.5,25327.436,13,F1
3,p,ACTIN,Amp,15.939,15.916,0.033,569388.3,577929.4,12078.924,13,E2
3,p,ACTIN,Amp,15.893,15.916,0.033,586470.5,577929.4,12078.924,13,F2
4,p,ACTIN,Amp,15.897,15.959,0.089,585242.9,562625,31986.44,13,E3
4,p,ACTIN,Amp,16.022,15.959,0.089,540007.2,562625,31986.44,13,F3
5,p,ACTIN,Amp,16.529,16.492,0.053,389855.3,399392.94,13488.257,13,E4
5,p,ACTIN,Amp,16.455,16.492,0.053,408930.56,399392.94,13488.257,13,F4
6,p,ACTIN,Amp,15.708,15.693,0.021,660664.3,667029.06,9001.078,13,E5
6,p,ACTIN,Amp,15.678,15.693,0.021,673393.75,667029.06,9001.078,13,F5
8,p,ACTIN,Amp,16.241,16.27,0.04,468937.3,460559.34,11848.259,13,E6
8,p,ACTIN,Amp,16.298,16.27,0.04,452181.34,460559.34,11848.259,13,F6
10,p,ACTIN,Amp,17.325,17.313,0.016,233819.03,235532.84,2423.688,13,E7
10,p,ACTIN,Amp,17.302,17.313,0.016,237246.66,235532.84,2423.688,13,F7
11,p,ACTIN,Amp,15.803,15.838,0.049,621353.75,607833.6,19120.361,13,E8
11,p,ACTIN,Amp,15.873,15.838,0.049,594313.44,607833.6,19120.361,13,F8
12,p,ACTIN,Amp,16.765,16.732,0.046,335089.3,342312.34,10214.908,13,E9
12,p,ACTIN,Amp,16.699,16.732,0.046,349535.38,342312.34,10214.908,13,F9
13,p,ACTIN,Amp,15.448,15.461,0.017,780486.44,774395.56,8613.847,13,E10
13,p,ACTIN,Amp,15.473,15.461,0.017,768304.6,774395.56,8613.847,13,F10
15,p,ACTIN,Amp,15.99,15.991,0.001,551190.06,550968.1,313.895,13,E11
15,p,ACTIN,Amp,15.991,15.991,0.001,550746.2,550968.1,313.895,13,F11
16,p,ACTIN,Amp,16.951,16.905,0.065,297313.12,306395.2,12843.992,13,E12
16,p,ACTIN,Amp,16.858,16.905,0.065,315477.28,306395.2,12843.992,13,F12
17,p,ACTIN,Amp,16.161,16.063,0.138,493855.75,526827.44,46628.99,13,G11
17,p,ACTIN,Amp,15.966,16.063,0.138,559799.1,526827.44,46628.99,13,H11
18,p,ACTIN,Amp,15.927,15.971,0.062,573911.75,558140.56,22303.803,13,G12
18,p,ACTIN,Amp,16.015,15.971,0.062,542369.44,558140.56,22303.803,13,H12
19,p,ACTIN,Amp,16.096,16.033,0.09,514819.53,536640.06,30858.938,14,E1
19,p,ACTIN,Amp,15.969,16.033,0.09,558460.6,536640.06,30858.938,14,F1
20,p,ACTIN,Amp,18.129,17.025,1.562,139448.92,357924.12,308970.6,14,E2
20,p,ACTIN,Amp,15.92,17.025,1.562,576399.3,357924.12,308970.6,14,F2
21,p,ACTIN,Amp,16.685,16.707,0.031,352648.5,347702.53,6994.652,14,E3
21,p,ACTIN,Amp,16.729,16.707,0.031,342756.56,347702.53,6994.652,14,F3
22,p,ACTIN,Amp,15.833,15.764,0.099,609452.7,638038.56,40426.555,14,E4
22,p,ACTIN,Amp,15.694,15.764,0.099,666624.44,638038.56,40426.555,14,F4
23,p,ACTIN,No Amp,NA,18.234,NA,3.03E+10,130321.55,NA,14,E5
23,p,ACTIN,Amp,18.234,18.234,NA,130321.55,130321.55,NA,14,F5
24,p,ACTIN,Amp,15.767,15.77,0.005,636195.2,634767.25,2019.39,14,E6
24,p,ACTIN,Amp,15.774,15.77,0.005,633339.3,634767.25,2019.39,14,F6
25,p,ACTIN,Amp,15.33,15.41,0.113,842092.4,800897.4,58258.535,14,E7
25,p,ACTIN,Amp,15.49,15.41,0.113,759702.4,800897.4,58258.535,14,F7
26,p,ACTIN,Amp,17.547,16.889,0.931,202700.77,337463.06,190582.67,14,E8
26,p,ACTIN,Amp,16.231,16.889,0.931,472225.38,337463.06,190582.67,14,F8
27,p,ACTIN,Amp,18.081,17.939,0.201,143861.95,158235.1,20326.7,14,E9
27,p,ACTIN,Amp,17.797,17.939,0.201,172608.25,158235.1,20326.7,14,F9
28,p,ACTIN,Amp,15.367,15.273,0.133,822443.6,875331.2,74794.24,14,E10
28,p,ACTIN,Amp,15.179,15.273,0.133,928218.7,875331.2,74794.24,14,F10
29,p,ACTIN,Amp,15.281,15.275,0.008,869331.4,872319.3,4225.589,14,E11
29,p,ACTIN,Amp,15.27,15.275,0.008,875307.25,872319.3,4225.589,14,F11
30,p,ACTIN,Amp,15.405,15.353,0.073,802727.44,830362.6,39082.09,14,E12
30,p,ACTIN,Amp,15.301,15.353,0.073,857997.8,830362.6,39082.09,14,F12
31,p,ACTIN,Amp,15.633,15.788,0.219,693159.94,630723.25,88298.76,14,G10
31,p,ACTIN,Amp,15.942,15.788,0.219,568286.6,630723.25,88298.76,14,H10
32,p,ACTIN,Amp,15.335,15.383,0.067,839488.3,814589.75,35211.84,14,G11
32,p,ACTIN,Amp,15.43,15.383,0.067,789691.25,814589.75,35211.84,14,H11
33,p,ACTIN,Amp,14.934,14.947,0.019,1086366.5,1077012.2,13228.975,14,G12
33,p,ACTIN,Amp,14.961,14.947,0.019,1067658,1077012.2,13228.975,14,H12
34,p,ACTIN,Amp,21.429,21.153,0.39,16738.07,20296.965,5033.035,15,E1
34,p,ACTIN,Amp,20.877,21.153,0.39,23855.857,20296.965,5033.035,15,F1
35,p,ACTIN,Amp,16.018,16.073,0.077,541162.5,522923.7,25793.543,15,E2
35,p,ACTIN,Amp,16.127,16.073,0.077,504684.9,522923.7,25793.543,15,F2
36,p,ACTIN,Amp,15.588,15.66,0.101,713431.06,682175.5,44202.016,15,E3
36,p,ACTIN,Amp,15.731,15.66,0.101,650919.94,682175.5,44202.016,15,F3
37,p,ACTIN,Amp,15.809,15.856,0.067,619067.6,600849.9,25763.781,15,E4
37,p,ACTIN,Amp,15.904,15.856,0.067,582632.1,600849.9,25763.781,15,F4
38,p,ACTIN,Amp,17.583,16.888,0.983,198054.33,340911.12,202030.03,15,E5
38,p,ACTIN,Amp,16.193,16.888,0.983,483767.94,340911.12,202030.03,15,F5
39,p,ACTIN,Amp,15.432,15.29,0.201,788680.2,867603.94,111615.05,15,E6
39,p,ACTIN,Amp,15.148,15.29,0.201,946527.7,867603.94,111615.05,15,F6
40,p,ACTIN,Amp,15.17,15.114,0.08,933172.9,968197.9,49532.848,15,E7
40,p,ACTIN,Amp,15.058,15.114,0.08,1003222.94,968197.9,49532.848,15,F7
41,p,ACTIN,Amp,15.035,15.056,0.03,1018192.6,1004375.75,19540.033,15,E8
41,p,ACTIN,Amp,15.077,15.056,0.03,990558.9,1004375.75,19540.033,15,F8
42,p,ACTIN,Amp,17.374,17.378,0.005,226454.14,225984.48,664.197,15,E9
42,p,ACTIN,Amp,17.381,17.378,0.005,225514.83,225984.48,664.197,15,F9
43,p,ACTIN,Amp,14.771,14.848,0.109,1206234.8,1149256,80580.125,15,E10
43,p,ACTIN,Amp,14.925,14.848,0.109,1092277.2,1149256,80580.125,15,F10
44,p,ACTIN,Amp,15.747,15.653,0.133,644172.9,685518.44,58471.492,15,E11
44,p,ACTIN,Amp,15.559,15.653,0.133,726864.06,685518.44,58471.492,15,F11
45,p,ACTIN,Amp,15.648,15.648,NA,686704.56,686704.56,NA,15,E12
45,p,ACTIN,No Amp,NA,15.648,NA,3.03E+10,686704.56,NA,15,F12
46,p,ACTIN,Amp,15.239,15.262,0.032,892773.9,879953.06,18131.377,15,G10
46,p,ACTIN,Amp,15.285,15.262,0.032,867132.25,879953.06,18131.377,15,H10
47,p,ACTIN,Amp,15.538,15.632,0.133,736669.4,694870.06,59113.16,15,G11
47,p,ACTIN,Amp,15.726,15.632,0.133,653070.75,694870.06,59113.16,15,H11
48,p,ACTIN,Amp,15.355,15.369,0.02,828738.25,821248.7,10591.909,15,G12
48,p,ACTIN,Amp,15.383,15.369,0.02,813759.06,821248.7,10591.909,15,H12
49,p,ACTIN,Amp,14.996,15.034,0.054,1043676.7,1018641.3,35405.305,16,E1
49,p,ACTIN,Amp,15.073,15.034,0.054,993606,1018641.3,35405.305,16,F1
50,p,ACTIN,Amp,16.284,16.212,0.101,456415.56,478291.66,30937.463,16,E2
50,p,ACTIN,Amp,16.141,16.212,0.101,500167.75,478291.66,30937.463,16,F2
51,p,ACTIN,Amp,15.521,15.59,0.099,745146,713145.4,45255.68,16,E3
51,p,ACTIN,Amp,15.66,15.59,0.099,681144.75,713145.4,45255.68,16,F3
52,p,ACTIN,Amp,15.373,15.317,0.08,819081.9,850013.8,43744.383,16,E4
52,p,ACTIN,Amp,15.26,15.317,0.08,880945.8,850013.8,43744.383,16,F4
53,p,ACTIN,Amp,15.423,15.495,0.101,793105.8,758406.5,49072.27,16,E5
53,p,ACTIN,Amp,15.566,15.495,0.101,723707.1,758406.5,49072.27,16,F5
54,p,ACTIN,Amp,18.509,18.444,0.091,109266.77,113992.95,6683.829,16,E6
54,p,ACTIN,Amp,18.38,18.444,0.091,118719.14,113992.95,6683.829,16,F6
55,p,ACTIN,Amp,15.543,15.785,0.342,734644.25,636505.1,138789.69,16,E7
55,p,ACTIN,Amp,16.027,15.785,0.342,538366,636505.1,138789.69,16,F7
56,p,ACTIN,Amp,18.26,18.015,0.347,128203.18,151934.92,33561.746,16,E8
56,p,ACTIN,Amp,17.77,18.015,0.347,175666.66,151934.92,33561.746,16,F8
57,p,ACTIN,Amp,16.292,16.596,0.429,453827.25,380556.56,103620.4,16,E9
57,p,ACTIN,Amp,16.899,16.596,0.429,307285.88,380556.56,103620.4,16,F9
58,p,ACTIN,Amp,13.992,14.338,0.489,1989616,1632535.1,504988.7,16,E10
58,p,ACTIN,Amp,14.684,14.338,0.489,1275454.1,1632535.1,504988.7,16,F10
59,p,ACTIN,Amp,16.006,16.53,0.74,545377.1,411915.22,188743.69,16,E11
59,p,ACTIN,Amp,17.053,16.53,0.74,278453.28,411915.22,188743.69,16,F11
60,p,ACTIN,Amp,14.769,14.946,0.251,1207809.2,1084826.6,173923.66,16,E12
60,p,ACTIN,Amp,15.123,14.946,0.251,961844.06,1084826.6,173923.66,16,F12
61,p,ACTIN,Amp,15.59,15.44,0.213,712578.3,788506.06,107378.02,16,G10
61,p,ACTIN,Amp,15.289,15.44,0.213,864433.75,788506.06,107378.02,16,H10
62,p,ACTIN,Amp,16.806,16.786,0.028,326239.16,330435.06,5933.911,16,G11
62,p,ACTIN,Amp,16.767,16.786,0.028,334630.97,330435.06,5933.911,16,H11
63,p,ACTIN,Amp,15.739,15.895,0.221,647670.1,588803.8,83249.55,17,E1
63,p,ACTIN,Amp,16.051,15.895,0.221,529937.5,588803.8,83249.55,17,F1
64,p,ACTIN,Amp,15.486,15.499,0.018,761826,755561.3,8859.65,17,E2
64,p,ACTIN,Amp,15.512,15.499,0.018,749296.56,755561.3,8859.65,17,F2
65,p,ACTIN,Amp,18.583,19.121,0.761,104186.56,78181.54,36776.656,17,E3
65,p,ACTIN,Amp,19.659,19.121,0.761,52176.516,78181.54,36776.656,17,F3
66,p,ACTIN,Amp,16.124,16.218,0.133,505707.6,476921.12,40710.21,17,E4
66,p,ACTIN,Amp,16.312,16.218,0.133,448134.66,476921.12,40710.21,17,F4
67,p,ACTIN,Amp,17.007,17.046,0.056,286821,279745.6,10006.167,17,E5
67,p,ACTIN,Amp,17.085,17.046,0.056,272670.16,279745.6,10006.167,17,F5
68,p,ACTIN,Amp,15.059,15.08,0.031,1002502.75,988735.7,19469.6,17,E6
68,p,ACTIN,Amp,15.102,15.08,0.031,974968.6,988735.7,19469.6,17,F6
69,p,ACTIN,Amp,15.434,15.543,0.153,787550.7,736312.4,72461.95,17,E7
69,p,ACTIN,Amp,15.651,15.543,0.153,685074.06,736312.4,72461.95,17,F7
70,p,ACTIN,Amp,15.047,15.309,0.371,1010090.06,865691,204211.14,17,E8
70,p,ACTIN,Amp,15.571,15.309,0.371,721291.94,865691,204211.14,17,F8
71,p,ACTIN,No Amp,NA,NA,NA,3.03E+10,NA,NA,17,E9
71,p,ACTIN,No Amp,NA,NA,NA,3.03E+10,NA,NA,17,F9
72,p,ACTIN,Amp,15.58,15.627,0.066,717064,696281.2,29391.332,17,E10
72,p,ACTIN,Amp,15.673,15.627,0.066,675498.4,696281.2,29391.332,17,F10
73,p,ACTIN,Amp,15.265,15.182,0.117,877923.5,927317.75,69854.07,17,E11
73,p,ACTIN,Amp,15.099,15.182,0.117,976712.06,927317.75,69854.07,17,F11
74,p,ACTIN,Amp,16.206,16.21,0.006,479674.8,478356.2,1864.786,17,E12
74,p,ACTIN,Amp,16.215,16.21,0.006,477037.6,478356.2,1864.786,17,F12
75,p,ACTIN,Amp,16.24,16.063,0.25,469402.44,529368.6,84805.02,17,G10
75,p,ACTIN,Amp,15.886,16.063,0.25,589334.9,529368.6,84805.02,17,H10
76,p,ACTIN,Amp,15.592,15.48,0.158,711785,766776.6,77769.836,17,G11
76,p,ACTIN,Amp,15.368,15.48,0.158,821768.2,766776.6,77769.836,17,H11
77,p,ACTIN,Amp,17.481,17.19,0.412,211479.06,259500,67911.87,17,G12
77,p,ACTIN,Amp,16.898,17.19,0.412,307520.94,259500,67911.87,17,H12
78,p,ACTIN,Amp,15.37,15.42,0.071,820800,795083.25,36369.035,18,E1
78,p,ACTIN,Amp,15.471,15.42,0.071,769366.44,795083.25,36369.035,18,F1
79,p,ACTIN,Amp,15.655,15.602,0.075,683683.1,707688.25,33948.336,18,E2
79,p,ACTIN,Amp,15.549,15.602,0.075,731693.4,707688.25,33948.336,18,F2
80,p,ACTIN,Amp,15.518,15.479,0.056,746419,765730.8,27311.04,18,E3
80,p,ACTIN,Amp,15.439,15.479,0.056,785042.6,765730.8,27311.04,18,F3
81,p,ACTIN,Amp,15.875,15.904,0.042,593592.56,582423.56,15795.286,18,E4
81,p,ACTIN,Amp,15.934,15.904,0.042,571254.6,582423.56,15795.286,18,F4
82,p,ACTIN,Amp,15.63,15.491,0.197,694623.7,762597.25,96129.125,18,E5
82,p,ACTIN,Amp,15.352,15.491,0.197,830570.8,762597.25,96129.125,18,F5
83,p,ACTIN,Amp,15.507,15.606,0.14,751553.2,706653.25,63498.125,18,E6
83,p,ACTIN,Amp,15.705,15.606,0.14,661753.3,706653.25,63498.125,18,F6
84,p,ACTIN,Amp,15.748,15.745,0.005,643666.3,645201.7,2171.384,18,E7
84,p,ACTIN,Amp,15.741,15.745,0.005,646737.06,645201.7,2171.384,18,F7
85,p,ACTIN,Amp,15.314,15.292,0.03,851109.6,862849.5,16602.768,18,E8
85,p,ACTIN,Amp,15.271,15.292,0.03,874589.44,862849.5,16602.768,18,F8
86,p,ACTIN,Amp,15.278,15.258,0.028,870904.6,881941,15607.801,18,E9
86,p,ACTIN,Amp,15.239,15.258,0.028,892977.4,881941,15607.801,18,F9
87,p,ACTIN,Amp,16.036,16.043,0.011,535154.9,532542.3,3694.734,18,E10
87,p,ACTIN,Amp,16.051,16.043,0.011,529929.75,532542.3,3694.734,18,F10
88,p,ACTIN,Amp,15.126,15.062,0.092,959997.1,1001628.8,58876.06,18,E11
88,p,ACTIN,Amp,14.997,15.062,0.092,1043260.44,1001628.8,58876.06,18,F11
89,p,ACTIN,Amp,15.692,15.673,0.028,667411.56,675892.7,11994.134,18,E12
89,p,ACTIN,Amp,15.653,15.673,0.028,684373.8,675892.7,11994.134,18,F12
90,p,ACTIN,Amp,15.365,15.441,0.107,823654.44,785349,54172.082,18,G12
90,p,ACTIN,Amp,15.517,15.441,0.107,747043.5,785349,54172.082,18,H12
91,p,ACTIN,Amp,16.53,16.165,0.516,389567.34,506083.22,164778.36,19,E1
91,p,ACTIN,Amp,15.8,16.165,0.516,622599.1,506083.22,164778.36,19,F1
92,p,ACTIN,Amp,15.83,16.645,1.152,610700,412596.62,280160.5,19,E2
92,p,ACTIN,Amp,17.459,16.645,1.152,214493.22,412596.62,280160.5,19,F2
93,p,ACTIN,Amp,15.804,16.748,1.336,621101.75,402841.03,308667.28,19,E3
93,p,ACTIN,Amp,17.693,16.748,1.336,184580.3,402841.03,308667.28,19,F3
94,p,ACTIN,Amp,14.945,15.916,1.374,1078764,694170.3,543897.56,19,E4
94,p,ACTIN,Amp,16.888,15.916,1.374,309576.62,694170.3,543897.56,19,F4
95,p,ACTIN,Amp,15.409,16.167,1.072,800557.44,551438.5,352307.44,19,E5
95,p,ACTIN,Amp,16.925,16.167,1.072,302319.5,551438.5,352307.44,19,F5
96,p,ACTIN,Amp,15.564,16.371,1.141,724441.4,490635.06,330652.1,19,E6
96,p,ACTIN,Amp,17.179,16.371,1.141,256828.72,490635.06,330652.1,19,F6
97,p,ACTIN,Amp,15.523,16.179,0.928,743839.1,532007.8,299574.72,19,E7
97,p,ACTIN,Amp,16.835,16.179,0.928,320176.47,532007.8,299574.72,19,F7
98,p,ACTIN,Amp,14.991,15.707,1.013,1047098.9,732161.25,445389.06,19,E8
98,p,ACTIN,Amp,16.423,15.707,1.013,417223.62,732161.25,445389.06,19,F8
99,p,ACTIN,Amp,21.051,20.446,0.855,21342.643,33874.56,17722.805,19,E9
99,p,ACTIN,Amp,19.842,20.446,0.855,46406.473,33874.56,17722.805,19,F9
100,p,ACTIN,Amp,15.533,15.94,0.575,739051.44,588623.25,212737.61,19,E10
100,p,ACTIN,Amp,16.347,15.94,0.575,438195.03,588623.25,212737.61,19,F10
101,p,ACTIN,Amp,16.661,16.779,0.167,358025.94,332844.3,35612.223,19,E11
101,p,ACTIN,Amp,16.897,16.779,0.167,307662.66,332844.3,35612.223,19,F11
102,p,ACTIN,Amp,16.383,16.25,0.188,428132.06,468067.94,56477.848,19,E12
102,p,ACTIN,Amp,16.117,16.25,0.188,508003.8,468067.94,56477.848,19,F12
103,p,ACTIN,Amp,21.458,20.555,1.278,16425.227,34440.305,25477.17,19,G10
103,p,ACTIN,Amp,19.651,20.555,1.278,52455.383,34440.305,25477.17,19,H10
104,p,ACTIN,Amp,19.911,19.888,0.032,44396.977,45052.52,927.075,19,G11
104,p,ACTIN,Amp,19.865,19.888,0.032,45708.06,45052.52,927.075,19,H11
105,p,ACTIN,Amp,27.775,26.86,1.294,283.842,601.598,449.374,19,G12
105,p,ACTIN,Amp,25.946,26.86,1.294,919.353,601.598,449.374,19,H12
106,p,ACTIN,Amp,16.77,16.74,0.042,333891.62,340416.9,9228.102,22,E1
106,p,ACTIN,Amp,16.71,16.74,0.042,346942.16,340416.9,9228.102,22,F1
107,p,ACTIN,Amp,15.349,15.39,0.058,832105,810794.4,30137.812,22,E2
107,p,ACTIN,Amp,15.431,15.39,0.058,789483.7,810794.4,30137.812,22,F2
108,p,ACTIN,Amp,15.477,15.51,0.047,766343.7,750190.7,22843.78,22,E3
108,p,ACTIN,Amp,15.544,15.51,0.047,734037.7,750190.7,22843.78,22,F3
109,p,ACTIN,Amp,15.154,15.081,0.102,943324.3,989240.94,64935.906,22,E4
109,p,ACTIN,Amp,15.009,15.081,0.102,1035157.56,989240.94,64935.906,22,F4
110,p,ACTIN,Amp,16.107,16.084,0.033,511154.1,518992.8,11085.643,22,E5
110,p,ACTIN,Amp,16.06,16.084,0.033,526831.56,518992.8,11085.643,22,F5
111,p,ACTIN,Amp,15.3,15.337,0.052,858832.5,838886.2,28208.367,22,E6
111,p,ACTIN,Amp,15.374,15.337,0.052,818939.9,838886.2,28208.367,22,F6
112,p,ACTIN,Amp,15.313,15.273,0.057,851628.1,874141.3,31838.484,22,E7
112,p,ACTIN,Amp,15.232,15.273,0.057,896654.5,874141.3,31838.484,22,F7
113,p,ACTIN,Amp,15.458,15.472,0.019,775560.8,768945.06,9356.034,22,E8
113,p,ACTIN,Amp,15.485,15.472,0.019,762329.4,768945.06,9356.034,22,F8
114,p,ACTIN,Amp,15.306,15.349,0.06,855256.5,832509.9,32168.623,22,E9
114,p,ACTIN,Amp,15.391,15.349,0.06,809763.25,832509.9,32168.623,22,F9
115,p,ACTIN,Amp,15.264,15.225,0.055,878802.9,901408.2,31968.71,22,E10
115,p,ACTIN,Amp,15.186,15.225,0.055,924013.44,901408.2,31968.71,22,F10
116,p,ACTIN,Amp,15.12,15.355,0.332,963656.2,838337.4,177227.56,22,E11
116,p,ACTIN,Amp,15.589,15.355,0.332,713018.56,838337.4,177227.56,22,F11
117,p,ACTIN,Amp,15.372,15.306,0.093,819561.3,855874.75,51355,22,E12
117,p,ACTIN,Amp,15.24,15.306,0.093,892188.25,855874.75,51355,22,F12
118,p,ACTIN,Amp,15.165,15.55,0.544,936625.8,753885.44,258433.88,23,E1
118,p,ACTIN,Amp,15.935,15.55,0.544,571145.1,753885.44,258433.88,23,F1
119,p,ACTIN,Amp,15.262,15.283,0.03,880050.8,868085.1,16921.979,23,E2
119,p,ACTIN,Amp,15.304,15.283,0.03,856119.5,868085.1,16921.979,23,F2
120,p,ACTIN,Amp,14.921,15.269,0.492,1095187,897721.1,279258.84,23,E3
120,p,ACTIN,Amp,15.617,15.269,0.492,700255.3,897721.1,279258.84,23,F3
121,p,ACTIN,Amp,15.623,15.699,0.108,697622.06,665052.6,46060.21,23,E4
121,p,ACTIN,Amp,15.776,15.699,0.108,632483.1,665052.6,46060.21,23,F4
122,p,ACTIN,Amp,15.5,15.446,0.077,754963.4,782172.56,38479.62,23,E5
122,p,ACTIN,Amp,15.392,15.446,0.077,809381.75,782172.56,38479.62,23,F5
123,p,ACTIN,Amp,15.546,15.54,0.009,733180.56,736065.94,4080.576,23,E6
123,p,ACTIN,Amp,15.534,15.54,0.009,738951.4,736065.94,4080.576,23,F6
124,p,ACTIN,Amp,15.606,15.633,0.038,705374.44,693318.44,17049.738,23,E7
124,p,ACTIN,Amp,15.66,15.633,0.038,681262.5,693318.44,17049.738,23,F7
125,p,ACTIN,Amp,15.597,15.625,0.04,709496.94,696946.06,17749.596,23,E8
125,p,ACTIN,Amp,15.653,15.625,0.04,684395.25,696946.06,17749.596,23,F8
126,p,ACTIN,Amp,16.996,17.042,0.065,288694.8,280442.47,11670.6,23,E9
126,p,ACTIN,Amp,17.088,17.042,0.065,272190.1,280442.47,11670.6,23,F9
127,p,ACTIN,Amp,15.763,15.557,0.292,637559.75,734505.94,137102.62,23,E10
127,p,ACTIN,Amp,15.35,15.557,0.292,831452.2,734505.94,137102.62,23,F10
128,p,ACTIN,Amp,14.791,14.891,0.142,1191004.4,1118696.4,102259.016,23,E11
128,p,ACTIN,Amp,14.992,14.891,0.142,1046388.3,1118696.4,102259.016,23,F11
129,p,ACTIN,Amp,18.736,18.726,0.015,94404.266,95042.95,903.241,23,E12
129,p,ACTIN,Amp,18.715,18.726,0.015,95681.64,95042.95,903.241,23,F12
131,p,ACTIN,Amp,16.824,16.835,0.015,322510.34,320272.2,3165.252,23,G10
131,p,ACTIN,Amp,16.846,16.835,0.015,318034,320272.2,3165.252,23,H10
132,p,ACTIN,Amp,15.117,15.115,0.002,965966.94,967064.25,1551.883,23,G11
132,p,ACTIN,Amp,15.113,15.115,0.002,968161.6,967064.25,1551.883,23,H11
133,p,ACTIN,Amp,15.563,15.396,0.236,724977.3,811782.5,122761.055,23,G12
133,p,ACTIN,Amp,15.229,15.396,0.236,898587.7,811782.5,122761.055,23,H12
134,p,ACTIN,Amp,15.774,15.774,NA,633330.44,633330.44,NA,24,E1
134,p,ACTIN,No Amp,NA,15.774,NA,3.03E+10,633330.44,NA,24,F1
135,p,ACTIN,Amp,16.918,17.001,0.117,303589.88,288313.56,21603.951,24,E2
135,p,ACTIN,Amp,17.083,17.001,0.117,273037.28,288313.56,21603.951,24,F2
136,p,ACTIN,Amp,13.863,14.293,0.609,2161834,1702636.5,649403.5,24,E3
136,p,ACTIN,Amp,14.724,14.293,0.609,1243438.9,1702636.5,649403.5,24,F3
137,p,ACTIN,Amp,14.977,14.986,0.012,1056519.2,1050670,8272.204,24,E4
137,p,ACTIN,Amp,14.994,14.986,0.012,1044820.6,1050670,8272.204,24,F4
138,p,ACTIN,Amp,17.105,17.116,0.016,269249.9,267332.56,2711.538,24,E5
138,p,ACTIN,Amp,17.127,17.116,0.016,265415.22,267332.56,2711.538,24,F5
140,p,ACTIN,Amp,17.225,17.286,0.086,249204.94,239849.62,13230.405,24,E6
140,p,ACTIN,Amp,17.347,17.286,0.086,230494.33,239849.62,13230.405,24,F6
141,p,ACTIN,Amp,14.952,14.938,0.02,1073635.9,1083309.1,13679.883,24,E7
141,p,ACTIN,Amp,14.924,14.938,0.02,1092982.2,1083309.1,13679.883,24,F7
142,p,ACTIN,Amp,18.177,18.18,0.005,135229.58,134922.06,434.899,24,E8
142,p,ACTIN,Amp,18.184,18.18,0.005,134614.55,134922.06,434.899,24,F8
143,p,ACTIN,Amp,19.528,18.005,2.153,56764.957,229196.16,243854.55,24,E9
143,p,ACTIN,Amp,16.483,18.005,2.153,401627.34,229196.16,243854.55,24,F9
144,p,ACTIN,Amp,15.291,15.293,0.003,863590.44,862367,1730.212,24,E10
144,p,ACTIN,Amp,15.295,15.293,0.003,861143.56,862367,1730.212,24,F10
145,p,ACTIN,Amp,15.793,15.788,0.007,625658.3,627555.06,2682.406,24,E11
145,p,ACTIN,Amp,15.783,15.788,0.007,629451.8,627555.06,2682.406,24,F11
146,p,ACTIN,Amp,15.96,15.879,0.115,561855,592677.1,43589.1,24,E12
146,p,ACTIN,Amp,15.798,15.879,0.115,623499.25,592677.1,43589.1,24,F12
147,p,ACTIN,Amp,16.784,16.369,0.586,330968.84,447337.4,164569.97,24,G10
147,p,ACTIN,Amp,15.955,16.369,0.586,563705.94,447337.4,164569.97,24,H10
148,p,ACTIN,Amp,15.681,15.449,0.329,672121.75,789141.1,165490.39,24,G11
148,p,ACTIN,Amp,15.216,15.449,0.329,906160.5,789141.1,165490.39,24,H11
149,p,ACTIN,Amp,15.926,15.94,0.02,574436.3,569297.25,7267.683,24,G12
149,p,ACTIN,Amp,15.954,15.94,0.02,564158.25,569297.25,7267.683,24,H12
Gblock,p,ACTIN,Amp,28.523,28.523,NA,175.476,175.476,NA,13,G10
Gblock,p,ACTIN,Amp,28.372,28.372,NA,193.438,193.438,NA,14,G9
Gblock,p,ACTIN,Amp,27.934,27.934,NA,256.31,256.31,NA,15,G9
Gblock,p,ACTIN,Amp,27.85,27.85,NA,270.496,270.496,NA,17,G9
Gblock,p,ACTIN,Amp,27.836,27.836,NA,272.832,272.832,NA,16,G9
Gblock,p,ACTIN,Amp,27.157,27.157,NA,422.273,422.273,NA,18,G11
Gblock,p,ACTIN,Amp,27.772,27.772,NA,284.391,284.391,NA,19,G9
Gblock,p,ACTIN,Amp,27.52,27.52,NA,334.323,334.323,NA,22,G3
Gblock,p,ACTIN,Amp,27.598,27.598,NA,318.026,318.026,NA,23,G9
Gblock,p,ACTIN,Amp,33.89,33.89,NA,5.584,5.584,NA,24,G9
No Sample,p,ACTIN,No Amp,NA,NA,NA,NA,NA,NA,13,H10
No Sample,p,ACTIN,No Amp,NA,NA,NA,NA,NA,NA,14,H9
No Sample,p,ACTIN,No Amp,NA,NA,NA,NA,NA,NA,15,H9
No Sample,p,ACTIN,No Amp,NA,NA,NA,NA,NA,NA,17,H9
No Sample,p,ACTIN,No Amp,NA,NA,NA,NA,NA,NA,16,H9
No Sample,p,ACTIN,No Amp,NA,NA,NA,NA,NA,NA,18,H11
No Sample,p,ACTIN,No Amp,NA,NA,NA,NA,NA,NA,19,H9
No Sample,p,ACTIN,No Amp,NA,NA,NA,NA,NA,NA,22,H3
No Sample,p,ACTIN,No Amp,NA,NA,NA,NA,NA,NA,23,H9
No Sample,p,ACTIN,No Amp,NA,NA,NA,NA,NA,NA,24,H9
1,p,BQCV,Amp,23.872,24,0.181,1502.408,1384.268,167.075,13,C1
1,p,BQCV,Amp,24.128,24,0.181,1266.128,1384.268,167.075,13,D1
3,p,BQCV,Amp,25.207,25.27,0.089,615.318,590.44,35.182,13,C2
3,p,BQCV,Amp,25.333,25.27,0.089,565.562,590.44,35.182,13,D2
4,p,BQCV,Amp,26.943,27.057,0.161,192.572,179.006,19.186,13,C3
4,p,BQCV,Amp,27.17,27.057,0.161,165.439,179.006,19.186,13,D3
5,p,BQCV,Amp,31.713,32.93,1.721,7.925,4.74,4.504,13,C4
5,p,BQCV,Amp,34.147,32.93,1.721,1.556,4.74,4.504,13,D4
6,p,BQCV,Amp,25.194,25.317,0.174,620.64,573.648,66.456,13,C5
6,p,BQCV,Amp,25.439,25.317,0.174,526.657,573.648,66.456,13,D5
8,p,BQCV,Amp,27.15,27.221,0.101,167.73,160.091,10.803,13,C6
8,p,BQCV,Amp,27.293,27.221,0.101,152.453,160.091,10.803,13,D6
10,p,BQCV,Amp,29.864,30.028,0.232,27.292,24.607,3.798,13,C7
10,p,BQCV,Amp,30.192,30.028,0.232,21.922,24.607,3.798,13,D7
11,p,BQCV,Amp,21.755,21.801,0.065,6191.622,6006.386,261.962,13,C8
11,p,BQCV,Amp,21.847,21.801,0.065,5821.151,6006.386,261.962,13,D8
12,p,BQCV,Amp,26.829,26.923,0.134,207.926,195.555,17.496,13,C9
12,p,BQCV,Amp,27.018,26.923,0.134,183.183,195.555,17.496,13,D9
13,p,BQCV,Amp,27.791,27.791,NA,109.214,109.214,NA,13,C10
13,p,BQCV,No Amp,NA,27.791,NA,2.53E+10,109.214,NA,13,D10
15,p,BQCV,Amp,28.893,28.902,0.012,52.253,51.954,0.424,13,C11
15,p,BQCV,Amp,28.911,28.902,0.012,51.654,51.954,0.424,13,D11
16,p,BQCV,Amp,31.154,31.32,0.235,11.518,10.369,1.626,13,C12
16,p,BQCV,Amp,31.487,31.32,0.235,9.219,10.369,1.626,13,D12
17,p,BQCV,Amp,29.918,29.538,0.538,26.324,35.06,12.354,13,G7
17,p,BQCV,Amp,29.157,29.538,0.538,43.796,35.06,12.354,13,H7
18,p,BQCV,Amp,26.239,26.21,0.042,308.415,314.638,8.801,13,G8
18,p,BQCV,Amp,26.18,26.21,0.042,320.861,314.638,8.801,13,H8
19,p,BQCV,Amp,26.44,26.55,0.155,269.607,251.172,26.072,14,C1
19,p,BQCV,Amp,26.66,26.55,0.155,232.736,251.172,26.072,14,D1
20,p,BQCV,Amp,25.667,25.521,0.207,452.135,501.078,69.216,14,C2
20,p,BQCV,Amp,25.374,25.521,0.207,550.021,501.078,69.216,14,D2
21,p,BQCV,Amp,27.288,27.406,0.166,152.922,141.789,15.745,14,C3
21,p,BQCV,Amp,27.523,27.406,0.166,130.655,141.789,15.745,14,D3
22,p,BQCV,Amp,31.852,31.852,NA,7.221,7.221,NA,14,C4
22,p,BQCV,No Amp,NA,31.852,NA,2.53E+10,7.221,NA,14,D4
23,n,BQCV,Amp,31.251,32.456,1.705,10.794,6.473,6.111,14,C5
23,n,BQCV,Amp,33.662,32.456,1.705,2.152,6.473,6.111,14,D5
24,p,BQCV,Amp,27.304,27.387,0.117,151.305,143.348,11.253,14,C6
24,p,BQCV,Amp,27.47,27.387,0.117,135.391,143.348,11.253,14,D6
25,p,BQCV,Amp,27.505,27.266,0.338,132.235,157.127,35.202,14,C7
25,p,BQCV,Amp,27.028,27.266,0.338,182.019,157.127,35.202,14,D7
26,p,BQCV,Amp,24.303,24.244,0.083,1126.484,1172.241,64.71,14,C8
26,p,BQCV,Amp,24.186,24.244,0.083,1217.998,1172.241,64.71,14,D8
27,p,BQCV,Amp,23.684,23.734,0.071,1704.488,1649.102,78.328,14,C9
27,p,BQCV,Amp,23.784,23.734,0.071,1593.716,1649.102,78.328,14,D9
28,p,BQCV,Amp,30.683,30.429,0.36,15.779,18.977,4.522,14,C10
28,p,BQCV,Amp,30.175,30.429,0.36,22.174,18.977,4.522,14,D10
29,p,BQCV,Amp,25.813,25.899,0.121,410.103,387.991,31.271,14,C11
29,p,BQCV,Amp,25.984,25.899,0.121,365.879,387.991,31.271,14,D11
30,p,BQCV,Amp,27.487,27.46,0.038,133.876,136.352,3.501,14,C12
30,p,BQCV,Amp,27.433,27.46,0.038,138.827,136.352,3.501,14,D12
31,n,BQCV,No Amp,NA,24.632,NA,2.53E+10,903.537,NA,14,G6
31,n,BQCV,Amp,24.632,24.632,NA,903.537,903.537,NA,14,H6
32,n,BQCV,No Amp,NA,20.999,NA,2.53E+10,10265.93,NA,14,G7
32,n,BQCV,Amp,20.999,20.999,NA,10265.93,10265.93,NA,14,H7
33,p,BQCV,No Amp,NA,19.9,NA,2.53E+10,21420.99,NA,14,G8
33,p,BQCV,Amp,19.9,19.9,NA,21420.99,21420.99,NA,14,H8
34,p,BQCV,Amp,28.298,28.268,0.043,77.79,79.396,2.271,15,C1
34,p,BQCV,Amp,28.238,28.268,0.043,81.001,79.396,2.271,15,D1
35,p,BQCV,Amp,23.163,23.163,0,2413.89,2414.188,0.423,15,C2
35,p,BQCV,Amp,23.163,23.163,0,2414.487,2414.188,0.423,15,D2
36,p,BQCV,Amp,29.791,29.655,0.193,28.659,31.533,4.065,15,C3
36,p,BQCV,Amp,29.518,29.655,0.193,34.407,31.533,4.065,15,D3
37,p,BQCV,Amp,31.406,31.483,0.109,9.73,9.253,0.676,15,C4
37,p,BQCV,Amp,31.561,31.483,0.109,8.775,9.253,0.676,15,D4
38,p,BQCV,Amp,31.642,31.773,0.185,8.312,7.644,0.946,15,C5
38,p,BQCV,Amp,31.904,31.773,0.185,6.975,7.644,0.946,15,D5
39,p,BQCV,Amp,31.803,31.853,0.071,7.461,7.22,0.341,15,C6
39,p,BQCV,Amp,31.903,31.853,0.071,6.979,7.22,0.341,15,D6
40,p,BQCV,Amp,26.331,26.203,0.182,289.996,317.272,38.575,15,C7
40,p,BQCV,Amp,26.074,26.203,0.182,344.548,317.272,38.575,15,D7
41,p,BQCV,Amp,25.702,25.514,0.266,441.852,505.086,89.426,15,C8
41,p,BQCV,Amp,25.326,25.514,0.266,568.32,505.086,89.426,15,D8
42,n,BQCV,No Amp,NA,NA,NA,2.53E+10,NA,NA,15,C9
42,n,BQCV,No Amp,NA,NA,NA,2.53E+10,NA,NA,15,D9
43,p,BQCV,Amp,25.067,25.149,0.116,675.644,640.517,49.677,15,C10
43,p,BQCV,Amp,25.231,25.149,0.116,605.39,640.517,49.677,15,D10
44,p,BQCV,Amp,27.919,27.665,0.359,100.288,120.599,28.724,15,C11
44,p,BQCV,Amp,27.41,27.665,0.359,140.91,120.599,28.724,15,D11
45,p,BQCV,Amp,20.928,20.9,0.039,10770.917,10971.604,283.815,15,C12
45,p,BQCV,Amp,20.873,20.9,0.039,11172.291,10971.604,283.815,15,D12
46,p,BQCV,Amp,24.441,24.578,0.194,1026.915,940.805,121.778,15,G6
46,p,BQCV,Amp,24.716,24.578,0.194,854.695,940.805,121.778,15,H6
47,p,BQCV,Amp,26.037,26.007,0.043,353.067,360.46,10.456,15,G7
47,p,BQCV,Amp,25.976,26.007,0.043,367.853,360.46,10.456,15,H7
48,p,BQCV,Amp,26.939,26.931,0.011,193.174,194.159,1.393,15,G8
48,p,BQCV,Amp,26.924,26.931,0.011,195.144,194.159,1.393,15,H8
49,p,BQCV,Amp,28.373,28.236,0.193,74.016,81.435,10.492,16,C1
49,p,BQCV,Amp,28.1,28.236,0.193,88.854,81.435,10.492,16,D1
50,p,BQCV,Amp,25.822,25.667,0.22,407.779,454.853,66.573,16,C2
50,p,BQCV,Amp,25.511,25.667,0.22,501.927,454.853,66.573,16,D2
51,p,BQCV,Amp,26.393,26.178,0.304,278.34,324.641,65.48,16,C3
51,p,BQCV,Amp,25.963,26.178,0.304,370.942,324.641,65.48,16,D3
52,p,BQCV,Amp,27.427,27.462,0.05,139.37,136.164,4.534,16,C4
52,p,BQCV,Amp,27.497,27.462,0.05,132.958,136.164,4.534,16,D4
53,p,BQCV,Amp,27.2,26.87,0.468,162.145,207.241,63.775,16,C5
53,p,BQCV,Amp,26.539,26.87,0.468,252.336,207.241,63.775,16,D5
54,p,BQCV,Amp,27.269,26.298,1.373,154.903,361.426,292.068,16,C6
54,p,BQCV,Amp,25.327,26.298,1.373,567.949,361.426,292.068,16,D6
55,p,BQCV,Amp,25.432,25.201,0.327,529.151,624.972,135.51,16,C7
55,p,BQCV,Amp,24.97,25.201,0.327,720.792,624.972,135.51,16,D7
56,n,BQCV,No Amp,NA,NA,NA,2.53E+10,NA,NA,16,C8
56,n,BQCV,No Amp,NA,NA,NA,2.53E+10,NA,NA,16,D8
57,p,BQCV,Amp,23.108,23.003,0.149,2504.612,2693.884,267.67,16,C9
57,p,BQCV,Amp,22.898,23.003,0.149,2883.155,2693.884,267.67,16,D9
58,p,BQCV,Amp,25.486,25.369,0.166,510.501,553.818,61.26,16,C10
58,p,BQCV,Amp,25.252,25.369,0.166,597.135,553.818,61.26,16,D10
59,p,BQCV,Amp,23.24,22.902,0.478,2293.77,2949.039,926.69,16,C11
59,p,BQCV,Amp,22.564,22.902,0.478,3604.307,2949.039,926.69,16,D11
60,p,BQCV,Amp,28.248,27.932,0.446,80.479,101.618,29.895,16,C12
60,p,BQCV,Amp,27.616,27.932,0.446,122.757,101.618,29.895,16,D12
61,p,BQCV,Amp,25.711,25.43,0.398,439.023,539.261,141.758,16,G6
61,p,BQCV,Amp,25.149,25.43,0.398,639.499,539.261,141.758,16,H6
62,p,BQCV,Amp,27.167,26.837,0.466,165.866,211.835,65.009,16,G7
62,p,BQCV,Amp,26.507,26.837,0.466,257.803,211.835,65.009,16,H7
63,p,BQCV,Amp,27.216,27.212,0.005,160.492,160.864,0.526,17,C1
63,p,BQCV,Amp,27.209,27.212,0.005,161.236,160.864,0.526,17,D1
64,p,BQCV,Amp,26.786,26.865,0.112,213.98,203.245,15.182,17,C2
64,p,BQCV,Amp,26.944,26.865,0.112,192.509,203.245,15.182,17,D2
65,p,BQCV,Amp,28.746,28.975,0.324,57.649,50.041,10.76,17,C3
65,p,BQCV,Amp,29.205,28.975,0.324,42.432,50.041,10.76,17,D3
66,p,BQCV,Amp,24.307,24.378,0.101,1123.592,1072.574,72.15,17,C4
66,p,BQCV,Amp,24.449,24.378,0.101,1021.556,1072.574,72.15,17,D4
67,p,BQCV,Amp,25.275,25.25,0.036,587.678,597.997,14.593,17,C5
67,p,BQCV,Amp,25.224,25.25,0.036,608.316,597.997,14.593,17,D5
68,p,BQCV,Amp,18.143,17.881,0.371,69363.23,83957.95,20640.057,17,C6
68,p,BQCV,Amp,17.618,17.881,0.371,98552.67,83957.95,20640.057,17,D6
69,p,BQCV,Amp,18.99,18.962,0.039,39375.375,40118.727,1051.256,17,C7
69,p,BQCV,Amp,18.934,18.962,0.039,40862.074,40118.727,1051.256,17,D7
70,p,BQCV,Amp,24.431,24.275,0.22,1034.21,1153.685,168.963,17,C8
70,p,BQCV,Amp,24.12,24.275,0.22,1273.16,1153.685,168.963,17,D8
71,n,BQCV,No Amp,NA,NA,NA,2.53E+10,NA,NA,17,C9
71,n,BQCV,No Amp,NA,NA,NA,2.53E+10,NA,NA,17,D9
72,p,BQCV,Amp,29.042,29.015,0.039,47.302,48.183,1.247,17,C10
72,p,BQCV,Amp,28.987,29.015,0.039,49.065,48.183,1.247,17,D10
73,p,BQCV,Amp,26.854,26.888,0.049,204.441,199.826,6.526,17,C11
73,p,BQCV,Amp,26.923,26.888,0.049,195.212,199.826,6.526,17,D11
74,p,BQCV,Amp,27.615,27.631,0.022,122.865,121.617,1.765,17,C12
74,p,BQCV,Amp,27.646,27.631,0.022,120.368,121.617,1.765,17,D12
75,p,BQCV,Amp,24.943,24.817,0.178,734.114,801.412,95.173,17,G6
75,p,BQCV,Amp,24.691,24.817,0.178,868.709,801.412,95.173,17,H6
76,p,BQCV,Amp,26.668,26.633,0.049,231.59,237.107,7.802,17,G7
76,p,BQCV,Amp,26.598,26.633,0.049,242.623,237.107,7.802,17,H7
77,p,BQCV,Amp,26.671,26.061,0.864,231.029,377.006,206.442,17,G8
77,p,BQCV,Amp,25.45,26.061,0.864,522.983,377.006,206.442,17,H8
78,p,BQCV,Amp,21.734,21.751,0.024,6282.185,6211.558,99.881,18,C1
78,p,BQCV,Amp,21.768,21.751,0.024,6140.932,6211.558,99.881,18,D1
79,p,BQCV,Amp,22.37,22.372,0.004,4104.486,4097.277,10.195,18,C2
79,p,BQCV,Amp,22.375,22.372,0.004,4090.068,4097.277,10.195,18,D2
80,p,BQCV,Amp,22.55,22.421,0.183,3638.011,3981.307,485.493,18,C3
80,p,BQCV,Amp,22.292,22.421,0.183,4324.602,3981.307,485.493,18,D3
81,p,BQCV,Amp,19.337,19.39,0.074,31214.68,30154.033,1499.979,18,C4
81,p,BQCV,Amp,19.442,19.39,0.074,29093.389,30154.033,1499.979,18,D4
82,p,BQCV,Amp,21.688,21.626,0.087,6475.899,6755.269,395.087,18,C5
82,p,BQCV,Amp,21.564,21.626,0.087,7034.638,6755.269,395.087,18,D5
83,p,BQCV,Amp,25.196,25.219,0.032,619.809,610.55,13.094,18,C6
83,p,BQCV,Amp,25.241,25.219,0.032,601.291,610.55,13.094,18,D6
84,p,BQCV,Amp,30.351,31.274,1.306,19.709,12.719,9.885,18,C7
84,p,BQCV,Amp,32.198,31.274,1.306,5.729,12.719,9.885,18,D7
85,p,BQCV,Amp,27.287,27.318,0.045,153.048,149.887,4.469,18,C8
85,p,BQCV,Amp,27.35,27.318,0.045,146.727,149.887,4.469,18,D8
86,p,BQCV,Amp,29.654,30.024,0.523,31.41,25.278,8.671,18,C9
86,p,BQCV,Amp,30.394,30.024,0.523,19.147,25.278,8.671,18,D9
87,p,BQCV,Amp,24.87,24.709,0.228,770.87,863.585,131.118,18,C10
87,p,BQCV,Amp,24.548,24.709,0.228,956.299,863.585,131.118,18,D10
88,p,BQCV,Amp,23.629,23.501,0.182,1767.757,1933.678,234.647,18,C11
88,p,BQCV,Amp,23.372,23.501,0.182,2099.599,1933.678,234.647,18,D11
89,p,BQCV,Amp,21.499,21.477,0.032,7349.769,7461.259,157.672,18,C12
89,p,BQCV,Amp,21.454,21.477,0.032,7572.75,7461.259,157.672,18,D12
90,p,BQCV,Amp,25.878,25.935,0.08,392.617,378.388,20.122,18,G10
90,p,BQCV,Amp,25.991,25.935,0.08,364.16,378.388,20.122,18,H10
91,p,BQCV,Amp,30.933,31.698,1.081,13.35,9.075,6.046,19,C1
91,p,BQCV,Amp,32.462,31.698,1.081,4.8,9.075,6.046,19,D1
92,p,BQCV,Amp,20.646,22.317,2.364,13007.59,7198.597,8215.157,19,C2
92,p,BQCV,Amp,23.989,22.317,2.364,1389.603,7198.597,8215.157,19,D2
93,p,BQCV,Amp,27.835,29.64,2.553,106.062,57.771,68.294,19,C3
93,p,BQCV,Amp,31.445,29.64,2.553,9.479,57.771,68.294,19,D3
94,p,BQCV,Amp,23.065,24.935,2.645,2578.65,1394.952,1674.003,19,C4
94,p,BQCV,Amp,26.805,24.935,2.645,211.253,1394.952,1674.003,19,D4
95,p,BQCV,Amp,28.679,30.658,2.799,60.316,32.293,39.631,19,C5
95,p,BQCV,Amp,32.637,30.658,2.799,4.27,32.293,39.631,19,D5
96,p,BQCV,Amp,25.805,26.368,0.797,412.405,303.265,154.347,19,C6
96,p,BQCV,Amp,26.931,26.368,0.797,194.125,303.265,154.347,19,D6
97,p,BQCV,Amp,27.034,28.097,1.502,181.228,112.488,97.214,19,C7
97,p,BQCV,Amp,29.159,28.097,1.502,43.747,112.488,97.214,19,D7
98,p,BQCV,Amp,22.284,23.118,1.18,4347.128,2885.681,2066.799,19,C8
98,p,BQCV,Amp,23.952,23.118,1.18,1424.234,2885.681,2066.799,19,D8
99,p,BQCV,Amp,32.429,32.429,NA,4.908,4.908,NA,19,C9
99,p,BQCV,No Amp,NA,32.429,NA,2.53E+10,4.908,NA,19,D9
100,p,BQCV,Amp,25.766,26.004,0.337,423.421,365.68,81.658,19,C10
100,p,BQCV,Amp,26.242,26.004,0.337,307.939,365.68,81.658,19,D10
101,p,BQCV,Amp,33.634,32.985,0.918,2.192,3.708,2.144,19,C11
101,p,BQCV,Amp,32.336,32.985,0.918,5.224,3.708,2.144,19,D11
102,p,BQCV,Amp,26.215,26.089,0.178,313.521,342.316,40.722,19,C12
102,p,BQCV,Amp,25.963,26.089,0.178,371.11,342.316,40.722,19,D12
103,p,BQCV,Amp,29.6,29.018,0.823,32.56,51.76,27.153,19,G6
103,p,BQCV,Amp,28.436,29.018,0.823,70.96,51.76,27.153,19,H6
104,p,BQCV,Amp,32.886,31.313,2.224,3.615,16.632,18.408,19,G7
104,p,BQCV,Amp,29.74,31.313,2.224,29.648,16.632,18.408,19,H7
105,p,BQCV,Amp,32.627,33.234,0.857,4.299,3.105,1.689,19,G8
105,p,BQCV,Amp,33.84,33.234,0.857,1.91,3.105,1.689,19,H8
106,p,BQCV,Amp,28.574,28.777,0.287,64.683,57.003,10.861,22,C1
106,p,BQCV,Amp,28.98,28.777,0.287,49.322,57.003,10.861,22,D1
107,p,BQCV,Amp,21.441,21.418,0.032,7639.634,7758.148,167.605,22,C2
107,p,BQCV,Amp,21.395,21.418,0.032,7876.664,7758.148,167.605,22,D2
108,p,BQCV,Amp,24.592,24.644,0.073,928.217,897.167,43.911,22,C3
108,p,BQCV,Amp,24.696,24.644,0.073,866.116,897.167,43.911,22,D3
109,p,BQCV,Amp,29.34,29.351,0.016,38.769,38.481,0.407,22,C4
109,p,BQCV,Amp,29.362,29.351,0.016,38.194,38.481,0.407,22,D4
110,p,BQCV,Amp,27.514,27.599,0.121,131.489,124.401,10.024,22,C5
110,p,BQCV,Amp,27.684,27.599,0.121,117.314,124.401,10.024,22,D5
111,p,BQCV,Amp,27.635,27.473,0.23,121.229,135.934,20.796,22,C6
111,p,BQCV,Amp,27.311,27.473,0.23,150.639,135.934,20.796,22,D6
112,p,BQCV,Amp,25.781,25.715,0.093,419.084,438.283,27.152,22,C7
112,p,BQCV,Amp,25.65,25.715,0.093,457.482,438.283,27.152,22,D7
113,p,BQCV,Amp,27.723,27.556,0.237,114.318,128.671,20.299,22,C8
113,p,BQCV,Amp,27.388,27.556,0.237,143.025,128.671,20.299,22,D8
114,p,BQCV,Amp,22.406,22.418,0.017,4007.271,3974.969,45.683,22,C9
114,p,BQCV,Amp,22.43,22.418,0.017,3942.666,3974.969,45.683,22,D9
115,p,BQCV,Amp,24.88,24.924,0.062,765.536,743.575,31.058,22,C10
115,p,BQCV,Amp,24.969,24.924,0.062,721.613,743.575,31.058,22,D10
116,p,BQCV,Amp,22.059,22.095,0.051,5053.17,4933.238,169.609,22,C11
116,p,BQCV,Amp,22.132,22.095,0.051,4813.307,4933.238,169.609,22,D11
117,p,BQCV,Amp,25.174,25.179,0.007,628.757,626.815,2.746,22,C12
117,p,BQCV,Amp,25.184,25.179,0.007,624.874,626.815,2.746,22,D12
118,p,BQCV,Amp,23.008,22.989,0.026,2678.537,2712.295,47.741,23,C1
118,p,BQCV,Amp,22.971,22.989,0.026,2746.052,2712.295,47.741,23,D1
119,p,BQCV,Amp,23.854,23.846,0.011,1521.241,1529.066,11.066,23,C2
119,p,BQCV,Amp,23.838,23.846,0.011,1536.891,1529.066,11.066,23,D2
120,p,BQCV,Amp,23.77,23.774,0.006,1608.559,1604.129,6.265,23,C3
120,p,BQCV,Amp,23.778,23.774,0.006,1599.699,1604.129,6.265,23,D3
121,p,BQCV,Amp,28.62,28.619,0,62.755,62.76,0.008,23,C4
121,p,BQCV,Amp,28.619,28.619,0,62.765,62.76,0.008,23,D4
122,p,BQCV,Amp,26.079,26.001,0.11,343.377,362.128,26.518,23,C5
122,p,BQCV,Amp,25.924,26.001,0.11,380.88,362.128,26.518,23,D5
123,p,BQCV,Amp,25.4,25.373,0.038,540.765,550.614,13.929,23,C6
123,p,BQCV,Amp,25.346,25.373,0.038,560.464,550.614,13.929,23,D6
124,p,BQCV,Amp,24.716,24.82,0.147,854.412,798.807,78.638,23,C7
124,p,BQCV,Amp,24.924,24.82,0.147,743.202,798.807,78.638,23,D7
125,p,BQCV,Amp,25.149,25.141,0.01,639.706,642.823,4.408,23,C8
125,p,BQCV,Amp,25.134,25.141,0.01,645.941,642.823,4.408,23,D8
126,p,BQCV,Amp,29.133,29.53,0.561,44.515,35.35,12.961,23,C9
126,p,BQCV,Amp,29.926,29.53,0.561,26.186,35.35,12.961,23,D9
127,p,BQCV,Amp,29.582,28.852,1.032,32.966,60.229,38.556,23,C10
127,p,BQCV,Amp,28.123,28.852,1.032,87.492,60.229,38.556,23,D10
128,p,BQCV,Amp,22.932,22.734,0.28,2817.631,3245.02,604.42,23,C11
128,p,BQCV,Amp,22.536,22.734,0.28,3672.41,3245.02,604.42,23,D11
129,p,BQCV,Amp,26.212,26.34,0.181,314.121,289.356,35.022,23,C12
129,p,BQCV,Amp,26.468,26.34,0.181,264.592,289.356,35.022,23,D12
131,p,BQCV,Amp,26.28,26.427,0.208,300.144,273.346,37.897,23,G6
131,p,BQCV,Amp,26.574,26.427,0.208,246.549,273.346,37.897,23,H6
132,p,BQCV,Amp,26.096,26.129,0.047,339.426,332.009,10.488,23,G7
132,p,BQCV,Amp,26.163,26.129,0.047,324.593,332.009,10.488,23,H7
133,p,BQCV,Amp,23.156,23.224,0.096,2425.259,2320.326,148.397,23,G8
133,p,BQCV,Amp,23.292,23.224,0.096,2215.394,2320.326,148.397,23,H8
134,p,BQCV,Amp,21.068,21.201,0.188,9803.75,9003.371,1131.906,24,C1
134,p,BQCV,Amp,21.335,21.201,0.188,8202.993,9003.371,1131.906,24,D1
135,p,BQCV,Amp,27.131,26.902,0.324,169.894,200.343,43.062,24,C2
135,p,BQCV,Amp,26.673,26.902,0.324,230.793,200.343,43.062,24,D2
136,p,BQCV,Amp,27.519,27.413,0.15,130.997,141.008,14.157,24,C3
136,p,BQCV,Amp,27.307,27.413,0.15,151.018,141.008,14.157,24,D3
137,p,BQCV,Amp,21.411,21.191,0.311,7794.955,9130.491,1888.735,24,C4
137,p,BQCV,Amp,20.971,21.191,0.311,10466.028,9130.491,1888.735,24,D4
138,p,BQCV,Amp,32.876,32.365,0.722,3.641,5.424,2.522,24,C5
138,p,BQCV,Amp,31.855,32.365,0.722,7.207,5.424,2.522,24,D5
140,p,BQCV,Amp,26.183,26.161,0.032,320.149,325.088,6.984,24,C6
140,p,BQCV,Amp,26.138,26.161,0.032,330.026,325.088,6.984,24,D6
141,p,BQCV,Amp,34.635,33.834,1.134,1.122,2.201,1.526,24,C7
141,p,BQCV,Amp,33.032,33.834,1.134,3.28,2.201,1.526,24,D7
142,p,BQCV,Amp,34.278,33.975,0.429,1.425,1.781,0.504,24,C8
142,p,BQCV,Amp,33.672,33.975,0.429,2.137,1.781,0.504,24,D8
143,p,BQCV,Amp,26.442,26.887,0.629,269.304,208.931,85.381,24,C9
143,p,BQCV,Amp,27.331,26.887,0.629,148.557,208.931,85.381,24,D9
144,p,BQCV,Amp,24.233,24.25,0.024,1180.135,1166.738,18.947,24,C10
144,p,BQCV,Amp,24.268,24.25,0.024,1153.34,1166.738,18.947,24,D10
145,p,BQCV,Amp,23.982,23.703,0.394,1396.04,1711.392,445.976,24,C11
145,p,BQCV,Amp,23.425,23.703,0.394,2026.745,1711.392,445.976,24,D11
146,p,BQCV,Amp,25.516,25.149,0.519,500.491,659.107,224.316,24,C12
146,p,BQCV,Amp,24.782,25.149,0.519,817.723,659.107,224.316,24,D12
147,p,BQCV,Amp,29.877,29.409,0.661,27.067,38.831,16.638,24,G6
147,p,BQCV,Amp,28.941,29.409,0.661,50.596,38.831,16.638,24,H6
148,p,BQCV,Amp,27.352,27.226,0.179,146.509,159.985,19.058,24,G7
148,p,BQCV,Amp,27.1,27.226,0.179,173.461,159.985,19.058,24,H7
149,p,BQCV,Amp,24.279,23.758,0.737,1144.355,1721.117,815.665,24,G8
149,p,BQCV,Amp,23.237,23.758,0.737,2297.879,1721.117,815.665,24,H8
Gblock,p,BQCV,Amp,27.024,27.024,NA,182.483,182.483,NA,13,G6
Gblock,p,BQCV,No Amp,NA,NA,NA,2.53E+10,NA,NA,14,G5
Gblock,p,BQCV,Amp,27.106,27.106,NA,172.733,172.733,NA,15,G5
Gblock,p,BQCV,Amp,27.858,27.858,NA,104.417,104.417,NA,17,G5
Gblock,p,BQCV,Amp,27.614,27.614,NA,122.995,122.995,NA,16,G5
Gblock,p,BQCV,Amp,25.973,25.973,NA,368.475,368.475,NA,18,G9
Gblock,p,BQCV,Amp,27.799,27.799,NA,108.643,108.643,NA,19,G5
Gblock,p,BQCV,Amp,26.837,26.837,NA,206.748,206.748,NA,22,G2
Gblock,p,BQCV,Amp,26.781,26.781,NA,214.632,214.632,NA,23,G5
Gblock,p,BQCV,No Amp,37.556,37.556,NA,0.159,0.159,NA,24,G5
No Sample,p,BQCV,No Amp,NA,NA,NA,NA,NA,NA,13,H6
No Sample,p,BQCV,No Amp,NA,NA,NA,NA,NA,NA,14,H5
No Sample,p,BQCV,No Amp,NA,NA,NA,NA,NA,NA,15,H5
No Sample,p,BQCV,No Amp,NA,NA,NA,NA,NA,NA,17,H5
No Sample,p,BQCV,No Amp,NA,NA,NA,NA,NA,NA,16,H5
No Sample,p,BQCV,No Amp,NA,NA,NA,NA,NA,NA,18,H9
No Sample,p,BQCV,No Amp,NA,NA,NA,NA,NA,NA,19,H5
No Sample,p,BQCV,No Amp,NA,NA,NA,NA,NA,NA,22,H2
No Sample,p,BQCV,No Amp,NA,NA,NA,NA,NA,NA,23,H5
No Sample,p,BQCV,No Amp,NA,NA,NA,NA,NA,NA,24,H5
1,p,DWV,Amp,28.971,28.691,0.396,57.26,69.777,17.702,13,A1
1,p,DWV,Amp,28.41,28.691,0.396,82.294,69.777,17.702,13,B1
3,r,DWV,No Amp,NA,34.875,NA,1.53E+10,1.253,NA,13,A2
3,r,DWV,Amp,34.875,34.875,NA,1.253,1.253,NA,13,B2
4,r,DWV,Amp,34.4,33.97,0.608,1.704,2.338,0.897,13,A3
4,r,DWV,Amp,33.54,33.97,0.608,2.973,2.338,0.897,13,B3
5,p,DWV,Amp,33.635,34.312,0.959,2.796,1.979,1.155,13,A4
5,p,DWV,Amp,34.99,34.312,0.959,1.163,1.979,1.155,13,B4
6,p,DWV,Amp,29.418,29.33,0.124,42.874,45.453,3.647,13,A5
6,p,DWV,Amp,29.242,29.33,0.124,48.032,45.453,3.647,13,B5
8,n,DWV,Amp,35.646,35.646,NA,0.761,0.761,NA,13,A6
8,n,DWV,No Amp,NA,35.646,NA,1.53E+10,0.761,NA,13,B6
10,r,DWV,Amp,34.489,34.819,0.466,1.608,1.328,0.395,13,A7
10,r,DWV,Amp,35.149,34.819,0.466,1.049,1.328,0.395,13,B7
11,r,DWV,Amp,34.216,34.216,NA,1.919,1.919,NA,13,A8
11,r,DWV,No Amp,NA,34.216,NA,1.53E+10,1.919,NA,13,B8
12,p,DWV,Amp,32.95,32.849,0.143,4.356,4.66,0.429,13,A9
12,p,DWV,Amp,32.748,32.849,0.143,4.964,4.66,0.429,13,B9
13,r,DWV,No Amp,38.147,35.727,3.423,0.151,1.804,2.339,13,A10
13,r,DWV,Amp,33.306,35.727,3.423,3.458,1.804,2.339,13,B10
15,p,DWV,Amp,30.519,30.174,0.488,21.018,26.934,8.367,13,A11
15,p,DWV,Amp,29.829,30.174,0.488,32.85,26.934,8.367,13,B11
16,p,DWV,Amp,28.968,28.977,0.012,57.343,57.024,0.451,13,A12
16,p,DWV,Amp,28.986,28.977,0.012,56.705,57.024,0.451,13,B12
17,n,DWV,Inconclusive,36.784,36.784,NA,0.364,0.364,NA,13,G3
17,n,DWV,No Amp,NA,36.784,NA,1.53E+10,0.364,NA,13,H3
18,p,DWV,Amp,34.085,33.45,0.899,2.088,3.422,1.886,13,G4
18,p,DWV,Amp,32.814,33.45,0.899,4.756,3.422,1.886,13,H4
19,p,DWV,Amp,24.46,24.438,0.031,1062.023,1077.204,21.468,14,A1
19,p,DWV,Amp,24.416,24.438,0.031,1092.384,1077.204,21.468,14,B1
20,p,DWV,Amp,28.306,28.37,0.09,88.035,84.562,4.912,14,A2
20,p,DWV,Amp,28.433,28.37,0.09,81.089,84.562,4.912,14,B2
21,p,DWV,Amp,24.539,24.589,0.071,1008.796,977.16,44.74,14,A3
21,p,DWV,Amp,24.639,24.589,0.071,945.524,977.16,44.74,14,B3
22,p,DWV,Amp,32.263,32.776,0.726,6.796,5.147,2.333,14,A4
22,p,DWV,Amp,33.289,32.776,0.726,3.497,5.147,2.333,14,B4
23,n,DWV,No Amp,NA,39.343,NA,1.53E+10,0.069,NA,14,A5
23,n,DWV,No Amp,39.343,39.343,NA,0.069,0.069,NA,14,B5
24,n,DWV,No Amp,NA,36.368,NA,1.53E+10,0.477,NA,14,A6
24,n,DWV,No Amp,36.368,36.368,NA,0.477,0.477,NA,14,B6
25,n,DWV,No Amp,NA,34.784,NA,1.53E+10,1.329,NA,14,A7
25,n,DWV,Amp,34.784,34.784,NA,1.329,1.329,NA,14,B7
26,p,DWV,Amp,28.698,28.788,0.126,68.296,64.575,5.262,14,A8
26,p,DWV,Amp,28.877,28.788,0.126,60.854,64.575,5.262,14,B8
27,p,DWV,Amp,31.55,32.13,0.819,10.778,7.934,4.022,14,A9
27,p,DWV,Amp,32.709,32.13,0.819,5.09,7.934,4.022,14,B9
28,n,DWV,No Amp,NA,NA,NA,1.53E+10,NA,NA,14,A10
28,n,DWV,No Amp,NA,NA,NA,1.53E+10,NA,NA,14,B10
29,p,DWV,Amp,31.914,31.556,0.507,8.518,11.031,3.554,14,A11
29,p,DWV,Amp,31.198,31.556,0.507,13.544,11.031,3.554,14,B11
30,r,DWV,Amp,34.571,34.165,0.574,1.525,2.052,0.746,14,A12
30,r,DWV,Amp,33.759,34.165,0.574,2.58,2.052,0.746,14,B12
31,r,DWV,Amp,32.397,35.389,4.231,6.229,3.179,4.313,14,G2
31,r,DWV,No Amp,38.38,35.389,4.231,0.129,3.179,4.313,14,H2
32,p,DWV,Amp,26.853,26.876,0.032,225.598,222.313,4.645,14,G3
32,p,DWV,Amp,26.898,26.876,0.032,219.029,222.313,4.645,14,H3
33,p,DWV,Amp,31.191,31.478,0.406,13.597,11.488,2.984,14,G4
33,p,DWV,Amp,31.765,31.478,0.406,9.378,11.488,2.984,14,H4
34,n,DWV,No Amp,NA,NA,NA,1.53E+10,NA,NA,15,A1
34,n,DWV,No Amp,NA,NA,NA,1.53E+10,NA,NA,15,B1
35,p,DWV,Amp,31.254,31.412,0.224,13.058,11.849,1.71,15,A2
35,p,DWV,Amp,31.57,31.412,0.224,10.64,11.849,1.71,15,B2
36,n,DWV,No Amp,39.835,39.835,NA,0.05,0.05,NA,15,A3
36,n,DWV,No Amp,NA,39.835,NA,1.53E+10,0.05,NA,15,B3
37,p,DWV,Amp,29.873,29.761,0.158,31.933,34.424,3.522,15,A4
37,p,DWV,Amp,29.649,29.761,0.158,36.915,34.424,3.522,15,B4
38,n,DWV,Inconclusive,35.215,35.233,0.025,1.005,0.994,0.016,15,A5
38,n,DWV,Inconclusive,35.251,35.233,0.025,0.982,0.994,0.016,15,B5
39,n,DWV,No Amp,NA,36.993,NA,1.53E+10,0.318,NA,15,A6
39,n,DWV,No Amp,36.993,36.993,NA,0.318,0.318,NA,15,B6
40,p,DWV,Amp,26.397,26.282,0.162,303.046,327.243,34.22,15,A7
40,p,DWV,Amp,26.168,26.282,0.162,351.441,327.243,34.22,15,B7
41,r,DWV,Amp,32.728,32.728,NA,5.028,5.028,NA,15,A8
41,r,DWV,No Amp,NA,32.728,NA,1.53E+10,5.028,NA,15,B8
42,r,DWV,No Amp,NA,32.465,NA,1.53E+10,5.961,NA,15,A9
42,r,DWV,Amp,32.465,32.465,NA,5.961,5.961,NA,15,B9
43,p,DWV,Amp,29.923,29.649,0.387,30.908,37.489,9.306,15,A10
43,p,DWV,Amp,29.375,29.649,0.387,44.07,37.489,9.306,15,B10
44,n,DWV,No Amp,NA,NA,NA,1.53E+10,NA,NA,15,A11
44,n,DWV,No Amp,NA,NA,NA,1.53E+10,NA,NA,15,B11
45,p,DWV,Amp,28.831,29.005,0.246,62.689,56.365,8.943,15,A12
45,p,DWV,Amp,29.179,29.005,0.246,50.041,56.365,8.943,15,B12
46,p,DWV,Amp,31.911,31.247,0.939,8.536,14.347,8.217,15,G2
46,p,DWV,Amp,30.583,31.247,0.939,20.157,14.347,8.217,15,H2
47,n,DWV,No Amp,NA,NA,NA,1.53E+10,NA,NA,15,G3
47,n,DWV,No Amp,NA,NA,NA,1.53E+10,NA,NA,15,H3
48,p,DWV,Amp,25.854,25.77,0.118,430.786,455.381,34.783,15,G4
48,p,DWV,Amp,25.687,25.77,0.118,479.976,455.381,34.783,15,H4
49,p,DWV,Amp,32.725,34.103,1.949,5.038,2.942,2.965,16,A1
49,p,DWV,No Amp,35.482,34.103,1.949,0.846,2.942,2.965,16,B1
50,p,DWV,Amp,31.949,31.543,0.575,8.324,11.208,4.079,16,A2
50,p,DWV,Amp,31.136,31.543,0.575,14.092,11.208,4.079,16,B2
51,p,DWV,Amp,28.772,28.542,0.325,65.105,76.389,15.959,16,A3
51,p,DWV,Amp,28.313,28.542,0.325,87.674,76.389,15.959,16,B3
52,p,DWV,Amp,30.306,30.081,0.318,24.115,28.193,5.767,16,A4
52,p,DWV,Amp,29.856,30.081,0.318,32.271,28.193,5.767,16,B4
53,p,DWV,Amp,28.22,27.937,0.4,93.101,113.679,29.1,16,A5
53,p,DWV,Amp,27.654,27.937,0.4,134.256,113.679,29.1,16,B5
54,n,DWV,No Amp,NA,NA,NA,1.53E+10,NA,NA,16,A6
54,n,DWV,No Amp,NA,NA,NA,1.53E+10,NA,NA,16,B6
55,p,DWV,Amp,28.607,28.59,0.023,72.475,73.255,1.103,16,A7
55,p,DWV,Amp,28.574,28.59,0.023,74.035,73.255,1.103,16,B7
56,n,DWV,No Amp,NA,35.253,NA,1.53E+10,0.98,NA,16,A8
56,n,DWV,Inconclusive,35.253,35.253,NA,0.98,0.98,NA,16,B8
57,p,DWV,Amp,29.565,29.485,0.114,38.961,41.099,3.024,16,A9
57,p,DWV,Amp,29.405,29.485,0.114,43.237,41.099,3.024,16,B9
58,p,DWV,Amp,30.604,30.117,0.689,19.892,28.628,12.354,16,A10
58,p,DWV,Amp,29.63,30.117,0.689,37.364,28.628,12.354,16,B10
59,p,DWV,Amp,30.164,29.793,0.524,26.451,34.585,11.503,16,A11
59,p,DWV,Amp,29.423,29.793,0.524,42.719,34.585,11.503,16,B11
60,p,DWV,Amp,25.634,25.66,0.037,496.563,488.27,11.727,16,A12
60,p,DWV,Amp,25.687,25.66,0.037,479.978,488.27,11.727,16,B12
61,r,DWV,Amp,33.135,33.398,0.372,3.863,3.305,0.789,16,G2
61,r,DWV,Amp,33.662,33.398,0.372,2.747,3.305,0.789,16,H2
62,p,DWV,Amp,32.88,32.211,0.946,4.556,7.695,4.438,16,G3
62,p,DWV,Amp,31.542,32.211,0.946,10.833,7.695,4.438,16,H3
63,n,DWV,No Amp,NA,34.385,NA,1.53E+10,1.72,NA,17,A1
63,n,DWV,Amp,34.385,34.385,NA,1.72,1.72,NA,17,B1
64,r,DWV,Amp,27.528,27.528,NA,145.656,145.656,NA,17,A2
64,r,DWV,No Amp,NA,27.528,NA,1.53E+10,145.656,NA,17,B2
65,n,DWV,No Amp,39.491,39.491,NA,0.063,0.063,NA,17,A3
65,n,DWV,No Amp,NA,39.491,NA,1.53E+10,0.063,NA,17,B3
66,r,DWV,Amp,28.193,28.193,NA,94.724,94.724,NA,17,A4
66,r,DWV,No Amp,NA,28.193,NA,1.53E+10,94.724,NA,17,B4
67,n,DWV,No Amp,NA,34.842,NA,1.53E+10,1.28,NA,17,A5
67,n,DWV,Amp,34.842,34.842,NA,1.28,1.28,NA,17,B5
68,n,DWV,No Amp,NA,35.348,NA,1.53E+10,0.922,NA,17,A6
68,n,DWV,Inconclusive,35.348,35.348,NA,0.922,0.922,NA,17,B6
69,r,DWV,Amp,33.953,33.953,NA,2.275,2.275,NA,17,A7
69,r,DWV,No Amp,NA,33.953,NA,1.53E+10,2.275,NA,17,B7
70,n,DWV,No Amp,NA,NA,NA,1.53E+10,NA,NA,17,A8
70,n,DWV,No Amp,NA,NA,NA,1.53E+10,NA,NA,17,B8
71,n,DWV,No Amp,NA,38.263,NA,1.53E+10,0.14,NA,17,A9
71,n,DWV,No Amp,38.263,38.263,NA,0.14,0.14,NA,17,B9
72,n,DWV,No Amp,NA,NA,NA,1.53E+10,NA,NA,17,A10
72,n,DWV,No Amp,NA,NA,NA,1.53E+10,NA,NA,17,B10
73,n,DWV,No Amp,NA,34.156,NA,1.53E+10,1.995,NA,17,A11
73,n,DWV,Amp,34.156,34.156,NA,1.995,1.995,NA,17,B11
74,n,DWV,No Amp,NA,34.408,NA,1.53E+10,1.695,NA,17,A12
74,n,DWV,Amp,34.408,34.408,NA,1.695,1.695,NA,17,B12
75,n,DWV,No Amp,NA,NA,NA,1.53E+10,NA,NA,17,G2
75,n,DWV,No Amp,NA,NA,NA,1.53E+10,NA,NA,17,H2
76,n,DWV,No Amp,NA,31.886,NA,1.53E+10,8.673,NA,17,G3
76,n,DWV,Amp,31.886,31.886,NA,8.673,8.673,NA,17,H3
77,r,DWV,No Amp,35.988,34.474,2.141,0.609,2.468,2.628,17,G4
77,r,DWV,Amp,32.96,34.474,2.141,4.326,2.468,2.628,17,H4
78,p,DWV,Amp,32.525,31.761,1.081,5.733,10.578,6.851,18,A1
78,p,DWV,Amp,30.997,31.761,1.081,15.422,10.578,6.851,18,B1
79,p,DWV,Amp,27.804,27.905,0.143,121.877,114.409,10.562,18,A2
79,p,DWV,Amp,28.006,27.905,0.143,106.94,114.409,10.562,18,B2
80,n,DWV,No Amp,NA,NA,NA,1.53E+10,NA,NA,18,A3
80,n,DWV,No Amp,NA,NA,NA,1.53E+10,NA,NA,18,B3
81,r,DWV,Amp,32.316,32.316,NA,6.565,6.565,NA,18,A4
81,r,DWV,No Amp,NA,32.316,NA,1.53E+10,6.565,NA,18,B4
82,r,DWV,Amp,33.386,33.386,NA,3.283,3.283,NA,18,A5
82,r,DWV,No Amp,NA,33.386,NA,1.53E+10,3.283,NA,18,B5
83,p,DWV,Amp,31.914,31.922,0.011,8.515,8.473,0.059,18,A6
83,p,DWV,Amp,31.93,31.922,0.011,8.431,8.473,0.059,18,B6
84,r,DWV,Amp,33.981,33.607,0.529,2.235,2.931,0.984,18,A7
84,r,DWV,Amp,33.233,33.607,0.529,3.627,2.931,0.984,18,B7
85,r,DWV,Amp,33.382,33.382,NA,3.294,3.294,NA,18,A8
85,r,DWV,No Amp,NA,33.382,NA,1.53E+10,3.294,NA,18,B8
86,r,DWV,No Amp,NA,32.765,NA,1.53E+10,4.908,NA,18,A9
86,r,DWV,Amp,32.765,32.765,NA,4.908,4.908,NA,18,B9
87,p,DWV,Amp,30.226,30.521,0.418,25.407,21.371,5.708,18,A10
87,p,DWV,Amp,30.816,30.521,0.418,17.334,21.371,5.708,18,B10
88,p,DWV,Amp,31.526,31.484,0.06,10.949,11.258,0.437,18,A11
88,p,DWV,Amp,31.441,31.484,0.06,11.567,11.258,0.437,18,B11
89,p,DWV,Amp,33.83,33.558,0.384,2.464,2.983,0.733,18,A12
89,p,DWV,Amp,33.287,33.558,0.384,3.501,2.983,0.733,18,B12
90,n,DWV,No Amp,NA,NA,NA,1.53E+10,NA,NA,18,G8
90,n,DWV,No Amp,NA,NA,NA,1.53E+10,NA,NA,18,H8
91,n,DWV,No Amp,NA,NA,NA,1.53E+10,NA,NA,19,A1
91,n,DWV,No Amp,NA,NA,NA,1.53E+10,NA,NA,19,B1
92,r,DWV,No Amp,NA,33.761,NA,1.53E+10,2.576,NA,19,A2
92,r,DWV,Amp,33.761,33.761,NA,2.576,2.576,NA,19,B2
93,r,DWV,No Amp,NA,34.01,NA,1.53E+10,2.193,NA,19,A3
93,r,DWV,Amp,34.01,34.01,NA,2.193,2.193,NA,19,B3
94,r,DWV,No Amp,NA,32.486,NA,1.53E+10,5.882,NA,19,A4
94,r,DWV,Amp,32.486,32.486,NA,5.882,5.882,NA,19,B4
95,n,DWV,No Amp,NA,NA,NA,1.53E+10,NA,NA,19,A5
95,n,DWV,No Amp,NA,NA,NA,1.53E+10,NA,NA,19,B5
96,p,DWV,Amp,31.962,32.949,1.396,8.257,5.278,4.212,19,A6
96,p,DWV,Amp,33.936,32.949,1.396,2.3,5.278,4.212,19,B6
97,r,DWV,No Amp,NA,NA,NA,1.53E+10,NA,NA,19,A7
97,r,DWV,No Amp,NA,NA,NA,1.53E+10,NA,NA,19,B7
98,p,DWV,Amp,29.644,30.215,0.808,37.02,27.347,13.679,19,A8
98,p,DWV,Amp,30.786,30.215,0.808,17.674,27.347,13.679,19,B8
99,n,DWV,No Amp,NA,NA,NA,1.53E+10,NA,NA,19,A9
99,n,DWV,No Amp,NA,NA,NA,1.53E+10,NA,NA,19,B9
100,r,DWV,Amp,32.21,32.21,NA,7.032,7.032,NA,19,A10
100,r,DWV,No Amp,NA,32.21,NA,1.53E+10,7.032,NA,19,B10
101,n,DWV,No Amp,NA,NA,NA,1.53E+10,NA,NA,19,A11
101,n,DWV,No Amp,NA,NA,NA,1.53E+10,NA,NA,19,B11
102,p,DWV,Amp,31.639,31.569,0.098,10.178,10.656,0.676,19,A12
102,p,DWV,Amp,31.5,31.569,0.098,11.135,10.656,0.676,19,B12
103,n,DWV,No Amp,NA,NA,NA,1.53E+10,NA,NA,19,G2
103,n,DWV,No Amp,NA,NA,NA,1.53E+10,NA,NA,19,H2
104,n,DWV,No Amp,NA,NA,NA,1.53E+10,NA,NA,19,G3
104,n,DWV,No Amp,NA,NA,NA,1.53E+10,NA,NA,19,H3
105,n,DWV,No Amp,NA,NA,NA,1.53E+10,NA,NA,19,G4
105,n,DWV,No Amp,NA,NA,NA,1.53E+10,NA,NA,19,H4
106,n,DWV,Amp,32.166,33.068,1.276,7.237,4.744,3.526,22,A1
106,n,DWV,Amp,33.97,33.068,1.276,2.25,4.744,3.526,22,B1
107,n,DWV,No Amp,NA,NA,NA,1.53E+10,NA,NA,22,A2
107,n,DWV,No Amp,NA,NA,NA,1.53E+10,NA,NA,22,B2
108,p,DWV,Amp,30.923,31.801,1.243,16.183,10.684,7.776,22,A3
108,p,DWV,Amp,32.68,31.801,1.243,5.186,10.684,7.776,22,B3
109,n,DWV,No Amp,NA,NA,NA,1.53E+10,NA,NA,22,A4
109,n,DWV,No Amp,NA,NA,NA,1.53E+10,NA,NA,22,B4
110,p,DWV,Amp,27.837,27.803,0.049,119.267,121.995,3.857,22,A5
110,p,DWV,Amp,27.768,27.803,0.049,124.722,121.995,3.857,22,B5
111,p,DWV,Amp,28.707,28.275,0.612,67.913,93.409,36.057,22,A6
111,p,DWV,Amp,27.842,28.275,0.612,118.905,93.409,36.057,22,B6
112,p,DWV,Amp,32.893,31.641,1.77,4.52,13.685,12.962,22,A7
112,p,DWV,Amp,30.39,31.641,1.77,22.851,13.685,12.962,22,B7
113,p,DWV,Amp,31.853,31.936,0.117,8.861,8.41,0.638,22,A8
113,p,DWV,Amp,32.019,31.936,0.117,7.96,8.41,0.638,22,B8
114,p,DWV,Amp,27.104,27.471,0.519,191.781,155.5,51.309,22,A9
114,p,DWV,Amp,27.838,27.471,0.519,119.219,155.5,51.309,22,B9
115,p,DWV,Amp,30.776,31.813,1.466,17.79,11.218,9.294,22,A10
115,p,DWV,Amp,32.85,31.813,1.466,4.647,11.218,9.294,22,B10
116,p,DWV,Amp,26.288,26.45,0.23,325.215,294.347,43.655,22,A11
116,p,DWV,Amp,26.613,26.45,0.23,263.478,294.347,43.655,22,B11
117,r,DWV,No Amp,38.219,35.709,3.55,0.144,1.926,2.52,22,A12
117,r,DWV,Amp,33.198,35.709,3.55,3.708,1.926,2.52,22,B12
118,p,DWV,Amp,30.522,30.255,0.378,20.978,25.309,6.125,23,A1
118,p,DWV,Amp,29.988,30.255,0.378,29.64,25.309,6.125,23,B1
119,p,DWV,Amp,32.326,32.16,0.234,6.525,7.306,1.105,23,A2
119,p,DWV,Amp,31.994,32.16,0.234,8.088,7.306,1.105,23,B2
120,p,DWV,Amp,25.432,25.386,0.064,566.101,583.238,24.235,23,A3
120,p,DWV,Amp,25.341,25.386,0.064,600.374,583.238,24.235,23,B3
121,r,DWV,No Amp,NA,35.366,NA,1.53E+10,0.911,NA,23,A4
121,r,DWV,Amp,35.366,35.366,NA,0.911,0.911,NA,23,B4
122,p,DWV,Amp,33.802,33.89,0.125,2.51,2.374,0.192,23,A5
122,p,DWV,Amp,33.979,33.89,0.125,2.238,2.374,0.192,23,B5
123,p,DWV,Amp,29.073,29.224,0.214,53.601,48.832,6.745,23,A6
123,p,DWV,Amp,29.375,29.224,0.214,44.063,48.832,6.745,23,B6
124,r,DWV,No Amp,NA,33.927,NA,1.53E+10,2.314,NA,23,A7
124,r,DWV,Amp,33.927,33.927,NA,2.314,2.314,NA,23,B7
125,n,DWV,Amp,35.29,35.29,NA,0.957,0.957,NA,23,A8
125,n,DWV,No Amp,NA,35.29,NA,1.53E+10,0.957,NA,23,B8
126,n,DWV,No Amp,37.653,36.835,1.157,0.207,0.403,0.276,23,A9
126,n,DWV,Inconclusive,36.017,36.835,1.157,0.598,0.403,0.276,23,B9
127,n,DWV,No Amp,NA,38.792,NA,1.53E+10,0.099,NA,23,A10
127,n,DWV,No Amp,38.792,38.792,NA,0.099,0.099,NA,23,B10
128,n,DWV,No Amp,NA,NA,NA,1.53E+10,NA,NA,23,A11
128,n,DWV,No Amp,NA,NA,NA,1.53E+10,NA,NA,23,B11
129,r,DWV,Amp,30.773,30.773,NA,17.827,17.827,NA,23,A12
129,r,DWV,No Amp,NA,30.773,NA,1.53E+10,17.827,NA,23,B12
131,r,DWV,No Amp,NA,34.065,NA,1.53E+10,2.116,NA,23,G2
131,r,DWV,Amp,34.065,34.065,NA,2.116,2.116,NA,23,H2
132,p,DWV,Amp,34.106,34.16,0.076,2.06,1.992,0.098,23,G3
132,p,DWV,Amp,34.213,34.16,0.076,1.923,1.992,0.098,23,H3
133,p,DWV,Amp,30.399,30.475,0.108,22.712,21.646,1.507,23,G4
133,p,DWV,Amp,30.551,30.475,0.108,20.581,21.646,1.507,23,H4
134,p,DWV,Amp,30.036,29.934,0.144,28.731,30.757,2.865,24,A1
134,p,DWV,Amp,29.832,29.934,0.144,32.783,30.757,2.865,24,B1
135,r,DWV,No Amp,NA,39.932,NA,1.53E+10,0.047,NA,24,A2
135,r,DWV,No Amp,39.932,39.932,NA,0.047,0.047,NA,24,B2
136,r,DWV,Amp,34.139,34.139,NA,2.017,2.017,NA,24,A3
136,r,DWV,No Amp,NA,34.139,NA,1.53E+10,2.017,NA,24,B3
137,p,DWV,Amp,30.651,30.674,0.032,19.296,19.013,0.399,24,A4
137,p,DWV,Amp,30.697,30.674,0.032,18.731,19.013,0.399,24,B4
138,n,DWV,No Amp,NA,NA,NA,1.53E+10,NA,NA,24,A5
138,n,DWV,No Amp,NA,NA,NA,1.53E+10,NA,NA,24,B5
140,n,DWV,Amp,32.312,33.16,1.2,6.585,4.389,3.105,24,A6
140,n,DWV,Amp,34.009,33.16,1.2,2.194,4.389,3.105,24,B6
141,n,DWV,No Amp,NA,38.483,NA,1.53E+10,0.121,NA,24,A7
141,n,DWV,No Amp,38.483,38.483,NA,0.121,0.121,NA,24,B7
142,n,DWV,No Amp,NA,NA,NA,1.53E+10,NA,NA,24,A8
142,n,DWV,No Amp,NA,NA,NA,1.53E+10,NA,NA,24,B8
143,r,DWV,Amp,34.122,34.122,NA,2.039,2.039,NA,24,A9
143,r,DWV,No Amp,NA,34.122,NA,1.53E+10,2.039,NA,24,B9
144,r,DWV,Amp,35.426,33.671,2.482,0.877,4.693,5.396,24,A10
144,r,DWV,Amp,31.916,33.671,2.482,8.508,4.693,5.396,24,B10
145,p,DWV,Amp,30.42,30.6,0.255,22.408,20.075,3.299,24,A11
145,p,DWV,Amp,30.78,30.6,0.255,17.743,20.075,3.299,24,B11
146,p,DWV,Amp,31.728,31.607,0.171,9.61,10.422,1.149,24,A12
146,p,DWV,Amp,31.486,31.607,0.171,11.235,10.422,1.149,24,B12
147,r,DWV,Amp,33.875,33.875,NA,2.392,2.392,NA,24,G2
147,r,DWV,No Amp,NA,33.875,NA,1.53E+10,2.392,NA,24,H2
148,r,DWV,Amp,32.114,32.114,NA,7.48,7.48,NA,24,G3
148,r,DWV,No Amp,NA,32.114,NA,1.53E+10,7.48,NA,24,H3
149,n,DWV,No Amp,NA,NA,NA,1.53E+10,NA,NA,24,G4
149,n,DWV,No Amp,NA,NA,NA,1.53E+10,NA,NA,24,H4
Gblock,p,DWV,Amp,27.554,27.554,NA,143.244,143.244,NA,13,G2
Gblock,p,DWV,Amp,27.342,27.342,NA,164.397,164.397,NA,14,G1
Gblock,p,DWV,Amp,26.637,26.637,NA,259.464,259.464,NA,15,G1
Gblock,p,DWV,Amp,27.4,27.4,NA,158.259,158.259,NA,17,G1
Gblock,p,DWV,Amp,25.513,25.513,NA,537.07,537.07,NA,16,G1
Gblock,p,DWV,Amp,25.913,25.913,NA,414.44,414.44,NA,18,G1
Gblock,p,DWV,Amp,26.93,26.93,NA,214.629,214.629,NA,19,G1
Gblock,p,DWV,Amp,25.751,25.751,NA,460.32,460.32,NA,22,G1
Gblock,p,DWV,Amp,26.641,26.641,NA,258.813,258.813,NA,23,G1
Gblock,p,DWV,Amp,32.996,32.996,NA,4.227,4.227,NA,24,G1
No Sample,p,DWV,No Amp,NA,NA,NA,NA,NA,NA,13,H2
No Sample,p,DWV,Amp,33.987,NA,NA,NA,NA,NA,14,H1
No Sample,p,DWV,No Amp,NA,NA,NA,NA,NA,NA,15,H1
No Sample,p,DWV,No Amp,NA,NA,NA,NA,NA,NA,17,H1
No Sample,p,DWV,No Amp,NA,NA,NA,NA,NA,NA,16,H1
No Sample,p,DWV,No Amp,NA,NA,NA,NA,NA,NA,18,H1
No Sample,p,DWV,Amp,35.131,NA,NA,NA,NA,NA,19,H1
No Sample,p,DWV,No Amp,NA,NA,NA,NA,NA,NA,22,H1
No Sample,p,DWV,No Amp,NA,NA,NA,NA,NA,NA,23,H1
No Sample,p,DWV,Inconclusive,5.68,NA,NA,NA,NA,NA,24,H1